{
  "Ansi 5 Color" : {
    "Red Component" : 0.81960785388946533,
    "Color Space" : "Calibrated",
    "Blue Component" : 0.50980395078659058,
    "Alpha Component" : 1,
    "Green Component" : 0.22745098173618317
  },
  "Tags" : [

  ],
  "Ansi 12 Color" : {
    "Red Component" : 0.12754885852336884,
    "Color Space" : "Calibrated",
    "Blue Component" : 0.78231412172317505,
    "Alpha Component" : 1,
    "Green Component" : 0.46265947818756104
  },
  "Has Hotkey" : false,
  "Ansi 7 Color" : {
    "Red Component" : 0.82745099067687988,
    "Color Space" : "Calibrated",
    "Blue Component" : 0.78823530673980713,
    "Alpha Component" : 1,
    "Green Component" : 0.81568628549575806
  },
  "Bold Color" : {
    "Red Component" : 0.27671989798545837,
    "Color Space" : "Calibrated",
    "Blue Component" : 0.38298481702804565,
    "Alpha Component" : 1,
    "Green Component" : 0.35665953159332275
  },
  "Ansi 8 Color" : {
    "Red Component" : 0.27058824896812439,
    "Color Space" : "Calibrated",
    "Blue Component" : 0.29411765933036804,
    "Alpha Component" : 1,
    "Green Component" : 0.28235295414924622
  },
  "Ansi 9 Color" : {
    "Red Component" : 0.74176251888275146,
    "Color Space" : "Calibrated",
    "Blue Component" : 0.073530428111553192,
    "Alpha Component" : 1,
    "Green Component" : 0.21325297653675079
  },
  "Ansi 3 Color" : {
    "Red Component" : 0.70588237047195435,
    "Color Space" : "Calibrated",
    "Blue Component" : 0.11372549086809158,
    "Alpha Component" : 1,
    "Green Component" : 0.53333336114883423
  },
  "Rows" : 25,
  "Default Bookmark" : "No",
  "Transparency" : 0,
  "Blend" : 0,
  "Cursor Guide Color" : {
    "Red Component" : 0.64999997615814209,
    "Color Space" : "Calibrated",
    "Blue Component" : 1,
    "Alpha Component" : 0.25,
    "Green Component" : 0.9100000262260437
  },
  "Non-ASCII Anti Aliased" : true,
  "Use Bright Bold" : true,
  "Ansi 10 Color" : {
    "Red Component" : 0.44977450370788574,
    "Color Space" : "Calibrated",
    "Blue Component" : 0.014259073883295059,
    "Alpha Component" : 1,
    "Green Component" : 0.54115492105484009
  },
  "Ambiguous Double Width" : false,
  "Jobs to Ignore" : [
    "rlogin",
    "ssh",
    "slogin",
    "telnet"
  ],
  "Ansi 15 Color" : {
    "Red Component" : 0.78782689571380615,
    "Color Space" : "Calibrated",
    "Blue Component" : 0.74188202619552612,
    "Alpha Component" : 1,
    "Green Component" : 0.77491450309753418
  },
  "Foreground Color" : {
    "Red Component" : 0.32436615228652954,
    "Color Space" : "Calibrated",
    "Blue Component" : 0.43850564956665039,
    "Alpha Component" : 1,
    "Green Component" : 0.407176673412323
  },
  "Bound Hosts" : [

  ],
  "Working Directory" : "\/Users\/wiliammeger",
  "Blinking Cursor" : true,
  "Disable Window Resizing" : true,
  "Sync Title" : false,
  "Prompt Before Closing 2" : false,
  "BM Growl" : true,
  "Command" : "",
  "Description" : "Default",
  "Mouse Reporting" : true,
  "Screen" : -1,
  "Selection Color" : {
    "Red Component" : 0.34792381525039673,
    "Color Space" : "Calibrated",
    "Blue Component" : 0.71791666746139526,
    "Alpha Component" : 1,
    "Green Component" : 0.35137161612510681
  },
  "Columns" : 80,
  "Idle Code" : 0,
  "Background Image Mode" : 2,
  "Ansi 13 Color" : {
    "Red Component" : 0.7773892879486084,
    "Color Space" : "Calibrated",
    "Blue Component" : 0.43516635894775391,
    "Alpha Component" : 1,
    "Green Component" : 0.10802461951971054
  },
  "Custom Command" : "No",
  "ASCII Anti Aliased" : true,
  "Non Ascii Font" : "GoMonoForPowerline-Bold 15",
  "Vertical Spacing" : 1,
  "Use Bold Font" : true,
  "Option Key Sends" : 0,
  "Selected Text Color" : {
    "Red Component" : 0.98943412303924561,
    "Color Space" : "Calibrated",
    "Blue Component" : 0.8640596866607666,
    "Alpha Component" : 1,
    "Green Component" : 0.95794379711151123
  },
  "Background Color" : {
    "Red Component" : 0.98943412303924561,
    "Color Space" : "Calibrated",
    "Blue Component" : 0.8640596866607666,
    "Alpha Component" : 1,
    "Green Component" : 0.95794379711151123
  },
  "Character Encoding" : 4,
  "Ansi 11 Color" : {
    "Red Component" : 0.64746475219726562,
    "Color Space" : "Calibrated",
    "Blue Component" : 0.018686883151531219,
    "Alpha Component" : 1,
    "Green Component" : 0.46751424670219421
  },
  "Non-ASCII Ligatures" : false,
  "Use Italic Font" : true,
  "Unlimited Scrollback" : false,
  "Keyboard Map" : {

  },
  "Window Type" : 0,
  "Cursor Type" : 1,
  "Blur" : false,
  "Badge Color" : {
    "Red Component" : 1,
    "Color Space" : "Calibrated",
    "Blue Component" : 0,
    "Alpha Component" : 0.5,
    "Green Component" : 0
  },
  "Scrollback Lines" : 1000,
  "Send Code When Idle" : false,
  "Close Sessions On End" : true,
  "Terminal Type" : "xterm-256color",
  "Visual Bell" : true,
  "Flashing Bell" : false,
  "Silence Bell" : true,
  "Ansi 14 Color" : {
    "Red Component" : 0.14679533243179321,
    "Color Space" : "Calibrated",
    "Blue Component" : 0.52502274513244629,
    "Alpha Component" : 1,
    "Green Component" : 0.57082366943359375
  },
  "Name" : "CR_DAY",
  "Cursor Text Color" : {
    "Red Component" : 0.98943412303924561,
    "Color Space" : "Calibrated",
    "Blue Component" : 0.8640596866607666,
    "Alpha Component" : 1,
    "Green Component" : 0.95794379711151123
  },
  "Shortcut" : "",
  "Cursor Color" : {
    "Red Component" : 0.32436615228652954,
    "Color Space" : "Calibrated",
    "Blue Component" : 0.43850564956665039,
    "Alpha Component" : 1,
    "Green Component" : 0.407176673412323
  },
  "Ansi 0 Color" : {
    "Red Component" : 0.33725491166114807,
    "Color Space" : "Calibrated",
    "Blue Component" : 0.36078432202339172,
    "Alpha Component" : 1,
    "Green Component" : 0.3490196168422699
  },
  "Ansi 1 Color" : {
    "Red Component" : 0.78823530673980713,
    "Color Space" : "Calibrated",
    "Blue Component" : 0.13333334028720856,
    "Alpha Component" : 1,
    "Green Component" : 0.29803922772407532
  },
  "Horizontal Spacing" : 1,
  "Custom Directory" : "No",
  "Ansi 4 Color" : {
    "Red Component" : 0.18039216101169586,
    "Color Space" : "Calibrated",
    "Blue Component" : 0.80784314870834351,
    "Alpha Component" : 1,
    "Green Component" : 0.54509806632995605
  },
  "Right Option Key Sends" : 0,
  "Use Non-ASCII Font" : true,
  "Ansi 6 Color" : {
    "Red Component" : 0.19607843458652496,
    "Color Space" : "Calibrated",
    "Blue Component" : 0.59607845544815063,
    "Alpha Component" : 1,
    "Green Component" : 0.63137257099151611
  },
  "Normal Font" : "GoMonoForPowerline 15",
  "Guid" : "4D0E072E-E5BD-4EBE-A991-461B3CC16687",
  "Link Color" : {
    "Red Component" : 0.023000000044703484,
    "Color Space" : "Calibrated",
    "Blue Component" : 0.67799997329711914,
    "Alpha Component" : 1,
    "Green Component" : 0.27000001072883606
  },
  "Ansi 2 Color" : {
    "Red Component" : 0.5215686559677124,
    "Color Space" : "Calibrated",
    "Blue Component" : 0.10980392247438431,
    "Alpha Component" : 1,
    "Green Component" : 0.59607845544815063
  }
}